,recipe_id,recipe_name,aver_rate,image_url,review_nums,calories,fat,carbohydrates,protein,cholesterol,sodium,fiber,ingredients_list,links,,,,,,,,,,,,,,,,,,,,,,,,,,,,,,,links
0,222388,Homemade Bacon,5,https://images.media-allrecipes.com/userphotos/720x405/876328.jpg,3,15,36,1,42,21,81,2,"['pork belly', 'smoked paprika', 'kosher salt', 'ground black pepper']",https://www.allrecipes.com/recipe/285051/smoked-back-bacon/,,,,,,,,,,,,,,,,,,,,,,,,,,,,,,,
1,240488,"Pork Loin, Apples, and Sauerkraut",4.76,https://images.media-allrecipes.com/userphotos/720x405/1897772.jpg,29,19,18,10,73,33,104,41,"['sauerkraut drained', 'Granny Smith apples sliced', 'large onion', 'caraway seeds', 'apple cider divided', 'brown sugar', 'Rub:', 'Thai seasoning', 'salt', 'garlic powder', 'ground black pepper', 'boneless pork loin roast']",https://www.allrecipes.com/recipe/240488/pork-loin-apples-and-sauerkraut/,,,,,,,,,,,,,,,,,,,,,,,,,,,,,,,
2,218939,Foolproof Rosemary Chicken Wings,4.57,https://images.media-allrecipes.com/userphotos/720x405/3852182.jpg,12,17,36,2,48,24,31,4,"['chicken wings', 'sprigs rosemary', 'head garlic', 'olive oil', 'lemon pepper', 'seasoned salt']",https://www.keyingredient.com/recipes/1812875036/foolproof-rosemary-chicken-wings/,,,,,,,,,,,,,,,,,,,,,,,,,,,,,,,
3,87211,Chicken Pesto Paninis,4.62,https://images.media-allrecipes.com/userphotos/720x405/956156.jpg,163,32,45,20,65,20,43,18,"['focaccia bread quartered', 'prepared basil pesto', 'diced cooked chicken', 'diced green bell pepper', 'diced red onion', 'shredded Monterey Jack cheese']",https://www.allrecipes.com/recipe/87211/chicken-pesto-paninis/,,,,,,,,,,,,,,,,,,,,,,,,,,,,,,,
4,245714,Potato Bacon Pizza,4.5,https://images.media-allrecipes.com/userphotos/720x405/3806117.jpg,2,8,12,5,14,7,8,3,"['red potatoes', 'strips bacon', 'Sauce:', 'heavy whipping cream', 'butter', 'minced garlic', 'grated Parmesan cheese', 'Crust:', 'warm water (125 degrees F 52 degrees C)', 'honey', 'active dry yeast', 'vegetable oil', 'all-purpose flour', 'shredded mozzarella cheese']",https://leitesculinaria.com/23165/blog-potato-bacon-pizza.html,,,,,,,,,,,,,,,,,,,,,,,,,,,,,,,
5,218545,Latin-Inspired Spicy Cream Chicken Stew,4.61,https://images.media-allrecipes.com/userphotos/720x405/1104734.jpg,85,17,12,12,52,21,52,32,"['skinless boneless chicken breast halves', 'diced tomatoes', 'green salsa', 'black beans rinsed and drained', 'pinto beans drained and rinsed', 'kernel corn', 'taco seasoning', 'chopped fresh cilantro', 'ground red chile pepper', 'ground cumin', 'cream cheese']",https://www.allrecipes.com/recipe/218545/latin-inspired-spicy-cream-chicken-stew/,,,,,,,,,,,,,,,,,,,,,,,,,,,,,,,
6,20453,Reuben Sandwich I,4.25,https://images.media-allrecipes.com/userphotos/250x250/225943.jpg,15,24,44,11,46,34,67,21,"['rye bread', 'butter', 'thinly sliced corned beef', 'sauerkraut', 'mozzarella cheese']",https://www.allrecipes.com/recipe/47717/reuben-sandwich-ii/,,,,,,,,,,,,,,,,,,,,,,,,,,,,,,,
7,244856,Turkey Black Bean Burgers,4.86,https://images.media-allrecipes.com/userphotos/720x405/4463159.jpg,7,11,14,2,51,28,11,11,"['extra lean ground turkey', 'cooked black beans coarsely chopped', 'chopped onion', 'chopped tomato', 'chopped fresh parsley', 'egg white', 'garlic', 'dried oregano', 'ground cumin', 'sea salt and ground black pepper to taste']",https://joybauer.com/healthy-recipes/turkey-black-bean-burgers/,,,,,,,,,,,,,,,,,,,,,,,,,,,,,,,
8,22402,Cranberry Pork Chops II,4.43,https://images.media-allrecipes.com/userphotos/720x405/1604955.jpg,100,11,10,10,28,12,16,7,"['pork chops', 'fresh', 'white sugar', 'salt', 'ground black pepper', 'water as needed']",https://www.allrecipes.com/recipe/22402/cranberry-pork-chops-ii/,,,,,,,,,,,,,,,,,,,,,,,,,,,,,,,
9,258163,Schnitzel Sandwich,5,https://images.media-allrecipes.com/userphotos/720x405/4515786.jpg,1,46,54,36,68,40,47,24,"['skinless boneless chicken breasts', 'salt and ground black pepper to taste', 'all-purpose flour', 'eggs', 'dry bread crumbs', 'vegetable oil', 'sandwich rolls split', 'mayonnaise', 'lemon juiced', 'hot pepper sauce (such as TabascoÂ®) (optional)', 'leaves chopped romaine lettuce', 'mustard']",https://www.allrecipes.com/recipe/258163/schnitzel-sandwich/,,,,,,,,,,,,,,,,,,,,,,,,,,,,,,,
10,23658,Pam's Bierocks,4.63,https://images.media-allrecipes.com/userphotos/720x405/2118998.jpg,130,15,15,13,19,11,17,8,"['warm water', 'active dry yeast', 'white sugar', 'margarine softened', 'egg', 'salt', 'all-purpose flour', 'lean ground beef', 'chopped onion', 'shredded cabbage', 'salt', 'black pepper', 'melted butter']",https://www.allrecipes.com/recipe/23658/pams-bierocks/,,,,,,,,,,,,,,,,,,,,,,,,,,,,,,,
11,244786,Zucchini Noodles and Summer Vegetables with Sweet Pepper Chicken Sausage,4.5,https://images.media-allrecipes.com/userphotos/720x405/2726927.jpg,2,10,21,3,23,13,56,8,"['zucchini cut into noodle-shape strands', 'extra-virgin olive oil', 'chopped green bell pepper', 'chopped white onion', 'seasoned salt (such as SpikeÂ® seasoning)', 'sea salt and freshly ground black pepper to taste', 'sweet pepper chicken sausages', 'lightly torn fresh spinach', 'chopped fresh basil', 'garlic paste', 'large tomato', 'shredded Parmesan cheese']",https://www.allrecipes.com/recipe/244786/zucchini-noodles-and-summer-vegetables-with-sweet-pepper-chicken-sausage/,,,,,,,,,,,,,,,,,,,,,,,,,,,,,,,
12,260453,Fresh Balsamic Chicken Salad,4,https://images.media-allrecipes.com/userphotos/720x405/5024618.jpg,1,23,35,10,67,28,8,12,"['balsamic vinegar', 'English cucumbers thinly sliced', 'pint grape tomatoes halved', 'cooked chicken breast', 'olive oil', 'salt and ground black pepper to taste']",https://www.allrecipes.com/recipe/107296/balsamic-chicken-salad/,,,,,,,,,,,,,,,,,,,,,,,,,,,,,,,
13,103305,Hearty Chili,4.25,https://images.media-allrecipes.com/userphotos/250x250/997976.jpg,3,22,29,12,57,23,58,47,"['ground beef', 'chopped onions', 'garlic cloves', 'tomatoes undrained cut up', 'tomato sauce', 'Holland HouseÂ® Red Cooking Wine', 'chili powder', 'cumin', 'green bell pepper', 'kidney beans drained']",https://iwashyoudry.com/thick-and-hearty-chili/,,,,,,,,,,,,,,,,,,,,,,,,,,,,,,,
14,261609,Basic Sheet Pan Chicken Sausage and Roasted Cabbage,5,https://images.media-allrecipes.com/userphotos/720x405/4589425.jpg,1,20,34,7,54,35,85,22,"['cooking spray', 'shredded cabbage', 'apple sliced', 'white onion', 'olive oil', 'white vinegar', 'salt', 'ground black pepper', 'links chicken sausage']",https://www.allrecipes.com/recipe/261609/basic-sheet-pan-chicken-sausage-and-roasted-cabbage/,,,,,,,,,,,,,,,,,,,,,,,,,,,,,,,
15,46139,Fry Bread Tacos I,3.88,https://images.media-allrecipes.com/userphotos/720x405/5064680.jpg,6,72,206,13,46,23,21,23,"['ground beef', 'chili powder', 'garlic powder', 'kidney beans drained', 'shredded sharp Cheddar cheese', 'frozen dinner rolls thawed', 'vegetable oil']",https://sweetteaandsprinkles.com/fry-bread/,,,,,,,,,,,,,,,,,,,,,,,,,,,,,,,
16,26668,Tater Tot Casserole III,4.1,https://images.media-allrecipes.com/userphotos/250x250/20893.jpg,183,20,34,13,34,12,70,17,"['ground beef', 'condensed cream of mushroom soup', 'fluid ounces skim milk', 'garlic salt', 'French style green beans', 'tater tots']",https://abeautifulmess.com/tater-tot-casserole/,,,,,,,,,,,,,,,,,,,,,,,,,,,,,,,
17,185816,Sweet Pork for Burritos,4.71,https://images.media-allrecipes.com/userphotos/720x405/778557.jpg,85,18,23,11,46,24,29,4,"['pork shoulder roast', 'salsa', 'fluid ounce) can', 'brown sugar', 'fajita seasoning', 'taco seasoning mix', 'chopped green chilies']",https://www.allrecipes.com/recipe/185816/sweet-pork-for-burritos/,,,,,,,,,,,,,,,,,,,,,,,,,,,,,,,
18,79814,Slow Cooker Veggie-Beef Soup with Okra,4.1,https://images.media-allrecipes.com/userphotos/720x405/4313941.jpg,54,21,22,14,55,23,20,38,"['ground beef', 'onion', 'diced tomatoes drained', 'Italian diced tomatoes drained', 'frozen mixed vegetables', 'sliced fresh', 'potatoes', 'ketchup', 'salt and pepper to taste']",https://www.allrecipes.com/recipe/79814/slow-cooker-veggie-beef-soup-with-okra/,,,,,,,,,,,,,,,,,,,,,,,,,,,,,,,
19,25507,Mock Sliders,3.2,https://images.media-allrecipes.com/userphotos/720x405/3291466.jpg,4,3,6,1,9,5,20,1,"['corned beef', 'sour cream', 'envelope dry onion soup mix', 'dinner rolls', 'dill pickle slices drained']",https://www.allrecipes.com/recipe/25507/mock-sliders/,,,,,,,,,,,,,,,,,,,,,,,,,,,,,,,
20,238886,Midnight Snack Avocado Sandwich,4.79,https://images.media-allrecipes.com/userphotos/720x405/1356257.jpg,15,27,55,13,38,8,31,52,"['bacon', 'green onions', 'mayonnaise', 'wheat bread toasted', 'avocado mashed', 'tomato', 'alfalfa sprouts', 'salt and ground black pepper to taste']",https://www.allrecipes.com/recipe/238886/midnight-snack-avocado-sandwich/,,,,,,,,,,,,,,,,,,,,,,,,,,,,,,,
21,235633,Red Wine Braised Short Ribs with Rosemary,4,https://images.media-allrecipes.com/userphotos/250x250/1075367.jpg,10,48,114,7,82,52,21,11,"['beef short ribs', 'Salt and ground black pepper', 'all-purpose flour', 'olive oil', 'large onions', 'tomato paste', 'large carrots', 'celery', 'garlic', 'chopped fresh rosemary leaves', 'SwansonÂ® Beef Stock', 'dry red wine']",https://honestcooking.com/red-wine-and-rosemary-braised-short-ribs/,,,,,,,,,,,,,,,,,,,,,,,,,,,,,,,
22,50908,Nanny's Goulash,4.26,https://images.media-allrecipes.com/userphotos/720x405/775803.jpg,98,14,31,3,32,15,18,11,"['lean ground beef', 'fresh mushrooms sliced', 'green bell pepper', 'red bell pepper', 'zucchini thickly sliced', 'small red onion', 'olive oil', 'paprika', 'dried basil', 'garlic salt', 'white pepper', 'peeled tomatoes with liquid chopped']",https://www.punchfork.com/recipe/Nannys-Goulash-Allrecipes,,,,,,,,,,,,,,,,,,,,,,,,,,,,,,,
23,73910,Butter Beef,4.07,https://images.media-allrecipes.com/userphotos/250x250/163132.jpg,342,22,53,1,56,41,18,1,"['cubed beef stew meat', 'butter', 'envelope dry onion soup mix']",https://www.allrecipes.com/recipe/73910/butter-beef/,,,,,,,,,,,,,,,,,,,,,,,,,,,,,,,
24,236920,Sweet and Sour Ground Pork Stir-Fry,4.27,https://images.media-allrecipes.com/userphotos/720x405/1112095.jpg,24,18,26,10,46,25,19,15,"['ground pork', 'onion', 'carrots', 'rice vinegar', 'ketchup', 'white sugar', 'soy sauce', 'chopped broccoli', 'green bell pepper']",https://www.allrecipes.com/recipe/236920/sweet-and-sour-ground-pork-stir-fry/,,,,,,,,,,,,,,,,,,,,,,,,,,,,,,,
25,235757,Chicken Pot Pie a la Jeremy and Jasmin,4.55,https://images.media-allrecipes.com/userphotos/720x405/1085225.jpg,8,23,42,11,42,22,33,12,"['butter', 'chopped onion', 'all-purpose flour', 'salt', 'ground black pepper', 'celery seed', 'chicken broth', 'milk', 'unbaked pie crusts', 'cubed cooked chicken breast', 'canned corn', 'canned green beans', 'canned sliced carrots']",https://www.punchfork.com/recipe/Chicken-Pot-Pie-a-la-Jeremy-and-Jasmin-Allrecipes,,,,,,,,,,,,,,,,,,,,,,,,,,,,,,,
26,8778,Cajun Chicken Pasta,4.72,https://images.media-allrecipes.com/userphotos/720x405/606388.jpg,1545,47,95,17,87,90,48,20,"['linguine pasta', 'skinless boneless chicken breast halves', 'Cajun seasoning', 'butter', 'red bell pepper', 'green bell pepper', 'fresh mushrooms sliced', 'green onion', 'heavy cream', 'dried basil', 'lemon pepper', 'salt', 'garlic powder', 'ground black pepper', 'grated Parmesan cheese']",https://www.allrecipes.com/recipe/8778/cajun-chicken-pasta/,,,,,,,,,,,,,,,,,,,,,,,,,,,,,,,
27,217969,Buffalo Chicken Pasta Salad,4.54,https://images.media-allrecipes.com/userphotos/720x405/657345.jpg,116,19,32,11,27,13,42,7,"['uncooked rotini pasta', 'mayonnaise', 'chunky blue cheese dressing', 'buffalo wing sauce', 'salt', 'black pepper', 'frozen cooked chicken strips', 'red bell pepper', 'green bell pepper', 'red onion']",https://www.allrecipes.com/recipe/217969/buffalo-chicken-pasta-salad/,,,,,,,,,,,,,,,,,,,,,,,,,,,,,,,
28,233910,Bubba's Sloppy Joes,4.6,https://images.media-allrecipes.com/userphotos/720x405/1087847.jpg,2,20,22,16,35,18,46,9,"['butter', 'garlic', 'large sweet onion (such as VidaliaÂ®)', 'large green bell pepper', 'chopped fresh cilantro', 'ground beef', 'brown sugar', ""prepared yellow mustard (such as Colman'sÂ®)"", 'Worcestershire sauce', 'Italian seasoning', 'onion powder', ""Greek seasoning (such as Cavender'sÂ®)"", 'hamburger seasoning (such as McCormickÂ® Grill MatesÂ®)', 'garlic powder', 'ground black pepper', 'smokehouse maple seasoning (such as McCormickÂ® Grill MatesÂ®)', 'hickory smoked salt (such as McCormickÂ®)', 'ground nutmeg', ""barbeque sauce (such as Sweet Baby Ray'sÂ®)"", 'ketchup', 'apple cider vinegar', 'hamburger buns']",https://www.allrecipes.com/recipe/233910/bubbas-sloppy-joes/,,,,,,,,,,,,,,,,,,,,,,,,,,,,,,,
29,231459,Slow Cooker Pork with Mushrooms and Barley,3.14,https://images.media-allrecipes.com/userphotos/720x405/972054.jpg,5,12,10,5,58,23,43,13,"['garlic', 'salt', 'pork chops', 'barley', 'white mushrooms sliced', 'onion', 'chicken broth', 'water', 'Worcestershire sauce', 'bay leaf', 'salt and ground black pepper to taste']",https://www.punchfork.com/recipe/Slow-Cooker-Pork-with-Mushrooms-and-Barley-Allrecipes,,,,,,,,,,,,,,,,,,,,,,,,,,,,,,,
30,233874,Stuffed Bison Burgers with Caramelized Figs and Shallots,4.7,https://images.media-allrecipes.com/userphotos/250x250/1037654.jpg,8,31,32,17,111,70,33,16,"['pomegranate juice', 'chopped dried figs stems removed', 'butter', 'thinly sliced shallots', 'honey', 'chopped fresh thyme', 'egg', 'ground bison', 'soft bread crumbs', 'Worcestershire sauce', 'milk', 'garlic', 'salt', 'freshly ground black pepper', 'Gruyere cheese', 'toasted French bread']",https://www.allrecipes.com/recipe/233874/stuffed-bison-burgers-with-caramelized-figs-and-shallots/,,,,,,,,,,,,,,,,,,,,,,,,,,,,,,,
31,133604,Jen's Jambalaya,4.45,https://images.media-allrecipes.com/userphotos/720x405/807897.jpg,71,19,26,10,42,27,43,8,"['margarine', 'chopped onion', 'chopped celery', 'chopped green pepper', 'diced tomatoes', 'chicken broth', 'long grain white rice', 'dried basil', 'garlic powder', 'black pepper', 'hot sauce', 'bay leaf', 'diced cooked chicken breast', 'cooked crumbled Italian sausage', 'peeled cooked shrimp']",https://www.allrecipes.com/recipe/133604/jens-jambalaya/,,,,,,,,,,,,,,,,,,,,,,,,,,,,,,,
32,55420,The Absolute Best Potato Soup,4.71,https://images.media-allrecipes.com/userphotos/720x405/529190.jpg,13,9,5,9,16,7,53,12,"['fluid ounce) can chicken broth', 'country style gravy mix (such as McCormickÂ®)', 'peeled and cubed potatoes', 'carrot', 'onion', 'inch thick) slices deli ham diced']",https://www.allrecipes.com/recipe/13218/absolutely-ultimate-potato-soup/,,,,,,,,,,,,,,,,,,,,,,,,,,,,,,,
33,231825,Chicken Primavera Alfredo,4.54,https://images.media-allrecipes.com/userphotos/720x405/998735.jpg,18,49,109,20,54,89,18,14,"['fettuccine pasta', 'butter', 'skinless boneless chicken breast halves', 'garlic', 'sliced fresh mushrooms', 'green bell pepper', 'red bell pepper', 'butter', 'pint heavy whipping cream', 'grated Parmesan cheese', 'cream cheese', 'salt and ground black pepper to taste', 'egg']",https://www.allrecipes.com/recipe/231825/chicken-primavera-alfredo/,,,,,,,,,,,,,,,,,,,,,,,,,,,,,,,
34,142456,"Rogan Josh, Lamb Shanks",4,https://images.media-allrecipes.com/userphotos/250x250/213233.jpg,20,41,59,21,102,53,95,45,"['sour cream', 'all-purpose flour', 'chili powder', 'ground coriander', 'ground ginger', 'chicken bouillon', 'cardamom pods broken', 'diced tomatoes', 'water', 'ground nutmeg to taste', 'salt and ground black pepper to taste', 'cornstarch', 'water', 'large onion', 'lamb shanks', 'carrots', 'new potatoes', 'button mushrooms quartered (optional)']",https://www.olivemagazine.com/recipes/meat-and-poultry/lamb-shank-rogan-josh/,,,,,,,,,,,,,,,,,,,,,,,,,,,,,,,
35,140407,Italian-Style Deviled Eggs,4.21,https://images.media-allrecipes.com/userphotos/250x250/697998.jpg,9,7,16,1,16,65,10,1,"['eggs', 'grated Parmesan cheese', 'chopped fresh chives', 'chopped prosciutto', 'green olives finely chopped', 'chopped red bell pepper', 'Dijon mustard', 'sour cream', 'mayonnaise', 'hot pepper sauce', 'garlic powder', 'ground black pepper']",https://thisitaliankitchen.com/italian-deviled-eggs/,,,,,,,,,,,,,,,,,,,,,,,,,,,,,,,
36,26623,Mexican Meatloaf,4,https://images.media-allrecipes.com/userphotos/720x405/1005751.jpg,31,24,44,9,56,33,35,17,"['lean ground beef', 'taco seasoning mix', 'refried beans', 'flour tortillas', 'fresh salsa', 'shredded Cheddar cheese']",https://dancearoundthekitchen.com/mexican-meatloaf/,,,,,,,,,,,,,,,,,,,,,,,,,,,,,,,
37,22681,Garlic Top Sirloin Pot Roast,4.3,https://images.media-allrecipes.com/userphotos/720x405/41919.jpg,168,19,25,8,63,30,33,15,"['salt', 'freshly ground black pepper', 'paprika', 'top sirloin roast', 'garlic', 'Yukon Gold potatoes', 'carrots', 'large sweet onions', 'water', 'beef broth', 'beef bouillon', 'bay leaf', 'large green bell peppers']",https://www.allrecipes.com/recipe/22681/garlic-top-sirloin-pot-roast/,,,,,,,,,,,,,,,,,,,,,,,,,,,,,,,
38,99892,Carolina Pork Twirl,4.6,https://images.media-allrecipes.com/userphotos/250x250/659804.jpg,20,14,17,7,49,25,39,0,"['sliced bacon', 'fat-trimmed pork tenderloin', 'mustard-based barbeque sauce', 'salt and freshly ground black pepper to taste']",https://humandiaries.com/2015/05/25/south-carolina-pork-twirl/,,,,,,,,,,,,,,,,,,,,,,,,,,,,,,,
39,219884,Mexican Potato Nachos,4.49,https://images.media-allrecipes.com/userphotos/720x405/876203.jpg,109,16,31,6,33,17,23,20,"['Vegetable oil', 'large baking potatoes', 'salt and ground black pepper to taste', 'vegetable oil', 'ground beef', 'black beans drained', 'taco seasoning', 'water', 'shredded Cheddar cheese', 'shredded lettuce', 'small tomato', 'sour cream', 'guacamole']",https://www.allrecipes.com/recipe/219884/mexican-potato-nachos/,,,,,,,,,,,,,,,,,,,,,,,,,,,,,,,
40,25930,Simple Southwestern Chicken Salad,4.28,https://images.media-allrecipes.com/userphotos/250x250/31853.jpg,79,42,113,4,62,38,63,1,"['boneless chicken breast halves', 'mayonnaise', 'chopped celery', 'chopped fresh cilantro to taste', 'taco seasoning mix']",https://onebalancedlife.com/southwestern-chicken-salad/,,,,,,,,,,,,,,,,,,,,,,,,,,,,,,,
41,241535,Easy Curry Chicken,2.86,https://images.media-allrecipes.com/userphotos/720x405/2116218.jpg,6,11,14,7,26,11,21,13,"['ReynoldsÂ® Slow Cooker Liner', 'chicken broth', 'skinless boneless chicken thighs', 'coarsely chopped cauliflower', 'coarsely chopped carrots', 'coarsely chopped onion', 'curry powder', 'grated fresh ginger', 'garlic', 'unsweetened light coconut milk', 'frozen peas', 'snipped fresh cilantro', 'hot cooked rice (optional)']",https://www.recipetineats.com/chicken-curry/,,,,,,,,,,,,,,,,,,,,,,,,,,,,,,,
42,239547,Parmesan Chicken Mini Pies,4.17,https://images.media-allrecipes.com/userphotos/720x405/1495539.jpg,5,10,14,5,28,9,31,11,"['PillsburyÂ® refrigerated seamless dough sheet', 'TysonÂ® frozen popcorn chicken', 'tomato pasta sauce', 'shredded Parmesan cheese']",https://www.sugarsaltmagic.com/mini-chicken-pot-pies/,,,,,,,,,,,,,,,,,,,,,,,,,,,,,,,
43,244979,Chef John's Peanut Curry Chicken,4.81,https://images.media-allrecipes.com/userphotos/720x405/3903369.jpg,263,57,109,21,135,55,122,40,"['Spice Blend:', 'kosher salt plus more to taste', 'ground coriander', 'ground cumin', 'ground turmeric', 'paprika', 'cayenne pepper', 'skinless boneless chicken thighs', 'vegetable oil', 'large yellow onion', 'garlic', 'finely grated fresh ginger', 'chicken broth', 'unsweetened natural peanut butter', 'ketchup', 'packed brown sugar', 'zucchini cut into chunks', 'red bell pepper', 'green poblano pepper', 'hot cooked rice', 'lime for garnish', 'roasted peanuts plus more for garnish', 'chopped fresh cilantro for garnish']",https://www.allrecipes.com/recipe/244979/chef-johns-peanut-curry-chicken/,,,,,,,,,,,,,,,,,,,,,,,,,,,,,,,
44,219754,Tasha's Taco Soup,4.68,https://images.media-allrecipes.com/userphotos/250x250/818197.jpg,20,27,56,12,43,44,57,24,"['ground beef', 'ranch style chili beans', 'pinto beans drained and rinsed', 'kernel corn', 'diced tomatoes with green chile peppers (such as RO*TELÂ®)', 'loaf processed cheese food (such as VelveetaÂ®)', 'pint half-and-half cream', 'pint heavy cream', 'taco seasoning mix', 'ranch dressing mix']",https://www.allrecipes.com/recipe/219754/tashas-taco-soup/,,,,,,,,,,,,,,,,,,,,,,,,,,,,,,,
45,20900,Easter Breakfast Casserole,4.52,https://images.media-allrecipes.com/userphotos/720x405/4556853.jpg,362,14,32,3,36,57,22,3,"['bacon', 'diced onion', 'diced green bell pepper', 'shredded Cheddar cheese', 'eggs', 'milk', 'frozen hash brown potatoes']",https://www.allrecipes.com/recipe/20900/easter-breakfast-casserole/,,,,,,,,,,,,,,,,,,,,,,,,,,,,,,,
46,242492,My First Easy Cheesy Mexican Roll-Up,5,https://images.media-allrecipes.com/userphotos/720x405/2318149.jpg,1,17,15,15,37,11,30,22,"[""pouch UNCLE BEN'SÂ® Ready RiceÂ® Garden Vegetable"", 'black beans rinsed and drained', 'fully cooked oven-roasted diced chicken breast (like TysonÂ® Grilled and ReadyÂ®)', 'shredded Cheddar cheese', 'flour tortillas', 'salsa (optional)']",https://www.tastesoflizzyt.com/mexican-tortilla-rollups/,,,,,,,,,,,,,,,,,,,,,,,,,,,,,,,
47,125366,Chinese Pot Roast,4.31,https://images.media-allrecipes.com/userphotos/720x405/1031173.jpg,78,22,31,6,87,47,112,3,"['boneless beef chuck roast', 'garlic salt', 'ground black pepper', 'dry mustard powder', 'vegetable oil', 'water', 'soy sauce', 'white vinegar', 'honey', 'ground ginger', 'celery seed', 'cornstarch', 'cold water']",https://www.food.com/recipe/chinese-pot-roast-66847,,,,,,,,,,,,,,,,,,,,,,,,,,,,,,,
48,23613,Steph's Summer Salad,4.1,https://images.media-allrecipes.com/userphotos/720x405/1274907.jpg,10,36,34,22,125,45,6,21,"['dry penne pasta', 'skinless boneless chicken breast halves', 'fresh broccoli florets', 'green onions', 'canola oil', 'lemon pepper to taste']",https://www.tasteandtellblog.com/stephs-summer-salad/,,,,,,,,,,,,,,,,,,,,,,,,,,,,,,,
49,63351,Lavender Chicken,4,https://images.media-allrecipes.com/userphotos/720x405/3478950.jpg,10,19,34,1,81,41,28,3,"['skinless boneless chicken breast halves', 'sprigs fresh lavender', 'bacon', 'salt and pepper to taste', 'red pepper flakes', 'shredded Cheddar cheese']",https://www.inspiredtaste.net/9851/lavender-honey-chicken-recipe/,,,,,,,,,,,,,,,,,,,,,,,,,,,,,,,
50,16246,Biggest Bestest Burger,4.22,https://images.media-allrecipes.com/userphotos/720x405/3178797.jpg,133,29,46,11,80,41,74,7,"['ground beef', 'onion', 'salt', 'ground black pepper', 'dried basil', 'Italian seasoned bread crumbs', 'grated Parmesan cheese', 'teriyaki sauce', 'American cheese', 'onion rolls']",https://www.wholesomeyum.com/recipes/the-juiciest-burgers-ever/,,,,,,,,,,,,,,,,,,,,,,,,,,,,,,,
51,152220,Chicken with Green Peppers in Black Bean Sauce,4.05,https://images.media-allrecipes.com/userphotos/720x405/658707.jpg,48,13,19,6,37,14,57,15,"['toasted sesame oil', 'garlic cloves', 'black bean sauce', 'salt', 'skinless boneless chicken breast half', 'chicken bouillon dissolved in', 'boiling water', 'large onion', 'green onions', 'green bell pepper', 'dark soy sauce', 'black pepper', 'cornstarch dissolved in', 'water', 'chopped fresh cilantro']",https://www.allrecipes.com/recipe/152220/chicken-with-green-peppers-in-black-bean-sauce/,,,,,,,,,,,,,,,,,,,,,,,,,,,,,,,
52,212912,Beef Nilaga,4,https://images.media-allrecipes.com/userphotos/250x250/809737.jpg,5,49,116,10,86,56,23,27,"['beef short ribs', 'quart water', 'black peppercorns crushed', 'onions', 'beef bouillon cubes', 'carrots', 'celery', 'chayote squash peeled and quartered', 'potatoes', 'salt to taste', 'head cabbage cut into wedges']",https://www.allrecipes.com/recipe/212912/beef-nilaga/,,,,,,,,,,,,,,,,,,,,,,,,,,,,,,,
53,213650,"Chicken Penne with Asparagus, Sun-dried Tomatoes, and Artichoke Hearts",4.29,https://images.media-allrecipes.com/userphotos/250x250/822061.jpg,49,37,23,37,77,13,29,60,"['uncooked penne pasta', 'olive oil', 'cooked shredded chicken', 'salt and black pepper to taste', 'garlic salt', 'minced garlic', 'small onion', 'fresh asparagus trimmed and cut into 2-inch pieces', 'chopped sun-dried tomatoes (not oil-packed)', 'reduced-sodium beef broth', 'artichoke hearts drained and quartered', 'butter', 'grated Parmesan cheese']",https://yummyaddiction.com/chicken-artichoke-pasta-asparagus/,,,,,,,,,,,,,,,,,,,,,,,,,,,,,,,
54,17178,Chicken and Wild Rice Casserole,4.36,https://images.media-allrecipes.com/userphotos/720x405/3096745.jpg,83,19,16,11,68,29,53,8,"['bone-in chicken breast halves', 'water', 'dry white wine', 'salt', 'curry powder', 'onion', 'chopped celery', 'long grain and wild rice mix', 'sliced mushrooms drained', 'sour cream', 'condensed cream of mushroom soup']",https://laurenslatest.com/wild-rice-chicken-casserole/,,,,,,,,,,,,,,,,,,,,,,,,,,,,,,,
55,130444,Guam Fried Rice,4.66,https://images.media-allrecipes.com/userphotos/250x250/765786.jpg,49,26,53,12,28,17,50,10,"['bacon', 'garlic', 'green onions', 'carrots', 'snow peas', 'cooked white rice', 'soy sauce']",https://www.food.com/recipe/guam-fried-rice-241152,,,,,,,,,,,,,,,,,,,,,,,,,,,,,,,
56,231412,Jambalaya In a Jiffy,4.45,https://images.media-allrecipes.com/userphotos/720x405/1020709.jpg,21,26,44,16,36,18,34,16,"['olive oil', 'onion', 'green bell pepper', 'garlic', 'fully cooked kielbasa cubed', 'diced tomatoes with juice', 'water', 'paprika', 'dried oregano', 'dried thyme', 'hot sauce', 'orzo pasta']",https://www.allrecipes.com/recipe/231412/jambalaya-in-a-jiffy/,,,,,,,,,,,,,,,,,,,,,,,,,,,,,,,
57,233443,Spaghetti Carbonara (Paleo Style),4.27,https://images.media-allrecipes.com/userphotos/720x405/3696640.jpg,8,21,44,11,26,75,44,3,"['large spaghetti squash halved and seeded', 'extra-virgin olive oil', 'bacon', 'large tomato', 'salt', 'ground black pepper', 'large egg yolks', 'sprigs fresh basil']",https://kitchenofyouth.com/paleo-pasta-carbonara/,,,,,,,,,,,,,,,,,,,,,,,,,,,,,,,
58,8987,Cheesy Chicken and Potato Casserole,3.98,https://images.media-allrecipes.com/userphotos/720x405/562.jpg,92,16,19,11,42,19,21,16,"['vegetable oil', 'skinless boneless chicken breasts', 'scalloped potato mix', 'potatoes', 'shredded Cheddar cheese']",https://www.campbells.com/recipes/cheesy-chicken-potato-casserole/,,,,,,,,,,,,,,,,,,,,,,,,,,,,,,,
59,191159,Ham and Pear Panini,4.34,https://images.media-allrecipes.com/userphotos/720x405/1022823.jpg,36,18,21,13,37,12,34,17,"['bread', 'mustard', 'ham', 'pear peeled and thinly sliced', 'ground black pepper', 'shredded mozzarella cheese', ""light margarine (such as I Can't Believe It's Not Butter""]",https://keepingonpoint.com/2024/04/01/ham-and-cheese-panini/,,,,,,,,,,,,,,,,,,,,,,,,,,,,,,,
60,229331,Easy Sweet Chili,4.53,https://images.media-allrecipes.com/userphotos/250x250/972722.jpg,46,28,18,28,68,16,56,92,"['ground beef', 'garlic', 'dried oregano', 'chili powder', 'dried basil', 'light red kidney beans drained and rinsed', 'dark red kidney beans drained and rinsed', 'diced tomatoes', 'corn', 'white sugar', 'salt and ground black pepper to taste']",https://www.allrecipes.com/recipe/229331/easy-sweet-chili/,,,,,,,,,,,,,,,,,,,,,,,,,,,,,,,
61,53650,Chalau,4.33,https://images.media-allrecipes.com/userphotos/250x250/251463.jpg,27,37,53,25,62,25,4,6,"['vegetable oil', 'large onion', 'garlic', 'cubed lamb stew meat', 'water', 'salt to taste', 'freshly ground black pepper to taste', 'cayenne pepper', 'ground cumin', 'chopped fresh spinach', 'chopped fresh cilantro', 'cooking oil', 'uncooked basmati rice', 'water']",https://cookpad.com/in/search/chaula,,,,,,,,,,,,,,,,,,,,,,,,,,,,,,,
62,214631,Chicken Salad Fit for a Dragon,4.5,https://images.media-allrecipes.com/userphotos/720x405/1031244.jpg,9,23,60,2,44,22,10,5,"['cooked chicken', 'mayonnaise', 'large stalk celery', 'pine nuts', 'lemon juice', 'sweet pickle relish', 'small jalapeno pepper', 'cracked black pepper']",https://sparksfromthekitchen.com/2013/07/10/red-dragon-chicken-salad/,,,,,,,,,,,,,,,,,,,,,,,,,,,,,,,
63,8657,Julie's Chicken Salad,4.4,https://images.media-allrecipes.com/userphotos/250x250/908708.jpg,37,19,44,5,34,16,7,12,"['skinless boneless chicken breast halves', 'raisins', 'thinly sliced celery', 'seedless grapes quartered', 'walnuts toasted and chopped', 'avocado', 'tart apple', 'mayonnaise', 'fresh lemon juice']",https://julessebastian.com/blogs/food/bang-bang-chicken-salad,,,,,,,,,,,,,,,,,,,,,,,,,,,,,,,
64,216704,Kielbasa for the Big Game,4.44,https://images.media-allrecipes.com/userphotos/720x405/3825607.jpg,21,13,24,8,14,12,35,1,"['kielbasa (Polish) sausage (such as Hillshire FarmÂ®)', 'grape jelly', 'bottles barbeque sauce']",https://www.allrecipes.com/recipe/216704/kielbasa-for-the-big-game/,,,,,,,,,,,,,,,,,,,,,,,,,,,,,,,
65,236517,Jalapeno Bacon Cheddar Deviled Eggs,4.6,https://images.media-allrecipes.com/userphotos/720x405/1103563.jpg,33,4,11,1,10,34,5,1,"['eggs', 'bacon', 'jalapeno peppers', 'finely shredded sharp Cheddar cheese', 'mayonnaise', 'red onion', 'spicy brown mustard', 'paprika']",https://www.allrecipes.com/recipe/236517/jalapeno-bacon-cheddar-deviled-eggs/,,,,,,,,,,,,,,,,,,,,,,,,,,,,,,,
66,8733,Italian Chicken with Garlic and Lemon,4.13,https://images.media-allrecipes.com/userphotos/720x405/6951.jpg,135,14,13,11,38,19,3,16,"['chicken thighs', 'large potatoes', 'vegetable oil', 'wine vinegar', 'lemons juiced', 'crushed garlic', 'dried oregano', 'dried parsley', 'onion', 'salt and pepper to taste']",https://www.allrecipes.com/recipe/8733/italian-chicken-with-garlic-and-lemon/,,,,,,,,,,,,,,,,,,,,,,,,,,,,,,,
67,115703,Zucchini Lunchixa,4,https://images.media-allrecipes.com/userphotos/720x405/4468271.jpg,3,24,57,4,51,50,12,10,"['butter', 'chopped garlic', 'thinly sliced zucchini', 'chopped onion', 'skinless boneless chicken breast', 'butter']",https://www.loveandlemons.com/zucchini-recipes/,,,,,,,,,,,,,,,,,,,,,,,,,,,,,,,
68,214755,Beet Stump Pot,3.57,https://images.media-allrecipes.com/userphotos/250x250/423316.jpg,7,9,12,6,17,10,5,11,"['potatoes', 'butter', 'salt and pepper to taste', 'ground beef', 'onion', 'sliced beets drained']",https://www.panningtheglobe.com/dutch-stamppot/,,,,,,,,,,,,,,,,,,,,,,,,,,,,,,,
69,215053,Puerto Rican Shepherd Pie (Pastelon),4.3,https://images.media-allrecipes.com/userphotos/250x250/478848.jpg,13,22,22,21,40,74,42,27,"['onion', 'green bell pepper', 'fresh parsley', 'fresh cilantro', 'culantro', 'garlic', 'water', 'ground beef', 'sazon seasoning', 'ground black pepper to taste', 'adobo seasoning', 'olive oil', 'ripe plantains peeled and cut on the bias', 'eggs beaten', 'green beans drained', 'eggs beaten']",https://www.allrecipes.com/recipe/215053/puerto-rican-shepherd-pie-pastelon/,,,,,,,,,,,,,,,,,,,,,,,,,,,,,,,
70,9035,Becki's Oven Barbecue Chicken,4.49,https://images.media-allrecipes.com/userphotos/720x405/3598488.jpg,287,20,35,9,39,31,32,2,"['chicken wings', 'butter', 'onion powder', 'brown sugar', 'Worcestershire sauce', 'ketchup', 'water', 'prepared mustard']",https://www.allrecipes.com/recipe/9035/beckis-oven-barbecue-chicken/,,,,,,,,,,,,,,,,,,,,,,,,,,,,,,,
71,237375,Paleo Broccoli Rabe and Sausage,4.25,https://images.media-allrecipes.com/userphotos/720x405/2381782.jpg,8,34,84,6,65,24,70,26,"['olive oil', 'links Italian sausage', 'large cloves garlic', 'bunches broccoli rabe trimmed', 'lemon zest', 'ground red pepper', 'sea salt to taste', 'lemon']",https://www.primalpalate.com/paleo-recipe/broccoli-rabe-and-italian-sausage/,,,,,,,,,,,,,,,,,,,,,,,,,,,,,,,
72,31870,Beef Potato House Pie Casserole,3.97,https://images.media-allrecipes.com/userphotos/720x405/3120332.jpg,122,36,65,17,63,44,22,26,"['large potatoes', 'milk', 'butter', 'ground beef', 'onion', 'green bell pepper', 'salt and pepper to taste', 'processed American cheese']",https://www.allrecipes.com/recipe/26609/hamburger-potato-casserole/,,,,,,,,,,,,,,,,,,,,,,,,,,,,,,,
73,12414,Steak and Kidney Pie I,3.75,https://images.media-allrecipes.com/userphotos/250x250/931864.jpg,2,29,52,13,49,87,14,5,"['beef tenderloin', 'beef kidney', 'all-purpose flour for rolling', 'water to cover', 'all-purpose flour', 'to taste salt and pepper to taste', 'frozen puff pastry thawed']",https://www.allrecipes.com/recipe/12477/steak-and-kidney-pie-ii/,,,,,,,,,,,,,,,,,,,,,,,,,,,,,,,
74,216090,Karen's First Place Chili,4.38,https://images.media-allrecipes.com/userphotos/250x250/491000.jpg,18,18,33,8,46,22,87,31,"['pork sausage', 'ground beef', 'large onion', 'diced tomatoes with green chile peppers (such as RO*TELÂ®)', 'chili beans', 'tomato sauce', 'chili powder', 'masa harina (instant corn masa mix)', 'ground cumin', 'salt', 'ground paprika', 'dried oregano', 'garlic powder', 'cayenne pepper']",https://lunchrecipe.pages.dev/lunch/karens-first-place-chili/,,,,,,,,,,,,,,,,,,,,,,,,,,,,,,,
75,230314,Beef Salad Sandwich Filling,4.6,https://images.media-allrecipes.com/userphotos/250x250/945725.jpg,5,11,27,1,26,15,10,4,"['chopped cooked beef', 'celery', 'carrot', 'chopped onion', 'mayonnaise', 'salt', 'ground black pepper', 'garlic powder']",https://www.allrecipes.com/recipe/230314/beef-salad-sandwich-filling/,,,,,,,,,,,,,,,,,,,,,,,,,,,,,,,
76,57002,Pork Tenderloin with Dijon Marsala Sauce,4.64,https://images.media-allrecipes.com/userphotos/720x405/1066861.jpg,581,23,40,4,65,54,18,1,"['pork tenderloins', 'Dijon mustard', 'oil', 'butter', 'shallots minced', 'Marsala wine', 'Dijon mustard', 'heavy cream']",https://www.allrecipes.com/recipe/57002/pork-tenderloin-with-dijon-marsala-sauce/,,,,,,,,,,,,,,,,,,,,,,,,,,,,,,,
77,213268,Classic Goulash,4.44,https://images.media-allrecipes.com/userphotos/720x405/1108799.jpg,1162,19,22,11,56,25,59,18,"['lean ground beef', 'large yellow onions', 'garlic', 'water', 'tomato sauce', 'diced tomatoes', 'soy sauce', 'dried Italian herb seasoning', 'bay leaves', 'seasoned salt', 'uncooked elbow macaroni']",https://www.allrecipes.com/recipe/213268/classic-goulash/,,,,,,,,,,,,,,,,,,,,,,,,,,,,,,,
78,230270,Beefy Lasagna Roll-Ups,4.59,https://images.media-allrecipes.com/userphotos/720x405/4557988.jpg,33,29,47,13,69,38,39,19,"['lasagna noodles', 'extra-lean ground beef', 'small onion', 'pasta sauce', 'garlic powder', 'dried basil', 'dried parsley', 'dried chives', 'dried oregano', 'ground nutmeg', 'shredded yellow and white marbled Cheddar cheese', 'light cream cheese']",https://www.allrecipes.com/recipe/230270/beefy-lasagna-roll-ups/,,,,,,,,,,,,,,,,,,,,,,,,,,,,,,,
79,28011,Tandoori Chicken II,4.2,https://images.media-allrecipes.com/userphotos/250x250/10190.jpg,84,13,9,1,98,45,14,1,"['curry powder', 'red pepper flakes', 'kosher salt', 'ground ginger', 'paprika', 'ground cinnamon', 'ground turmeric', 'water', 'skinless boneless chicken breast halves']",https://www.masterclass.com/articles/quick-and-easy-tandoori-chicken-recipe-make-tandoori-chicken-on-the-grill-or-in-the-oven,,,,,,,,,,,,,,,,,,,,,,,,,,,,,,,
80,245367,Pan-Roasted Chicken Breasts,4.5,https://images.media-allrecipes.com/userphotos/720x405/3088895.jpg,86,23,46,1,90,52,10,1,"['boneless chicken breast halves with skin', 'salt and freshly ground black pepper to taste', 'chopped fresh herbs (thyme parsley', 'olive oil', 'apple cider vinegar', 'cold butter', 'chicken broth (or water)']",https://www.allrecipes.com/recipe/245367/pan-roasted-chicken-breasts/,,,,,,,,,,,,,,,,,,,,,,,,,,,,,,,
81,238325,Roast Beef and Cheddar Frittata,4.4,https://images.media-allrecipes.com/userphotos/720x405/2183648.jpg,3,27,57,2,85,184,63,1,"['cooking spray', 'eggs beaten', 'condensed cream of mushroom soup', 'shredded Cheddar cheese', 'deli-style roast beef', 'ground black pepper']",https://www.allrecipes.com/recipe/238325/roast-beef-and-cheddar-frittata/,,,,,,,,,,,,,,,,,,,,,,,,,,,,,,,
82,219208,Roasted Loin of Pork with Pan Gravy,4.6,https://images.media-allrecipes.com/userphotos/250x250/786457.jpg,78,18,26,3,80,40,7,6,"['butter', 'ground black pepper', 'cayenne pepper', 'dried thyme', 'dried oregano', 'dry mustard powder', 'garlic', 'boneless pork loin roast', 'celery', 'medium carrots', 'large onion', 'salt and ground black pepper to taste', 'flour', 'pork stock']",https://www.allrecipes.com/recipe/219208/roasted-loin-of-pork-with-pan-gravy/,,,,,,,,,,,,,,,,,,,,,,,,,,,,,,,
83,85757,Swiss Enchiladas,4.62,https://images.media-allrecipes.com/userphotos/720x405/639855.jpg,67,32,75,9,46,57,27,16,"['chopped cooked chicken', 'chopped green chilies', 'prepared green chile salsa', 'salt', 'whipping cream', 'oil for frying', 'corn tortillas', 'shredded Monterey Jack cheese']",https://www.allrecipes.com/recipe/85757/swiss-enchiladas/,,,,,,,,,,,,,,,,,,,,,,,,,,,,,,,
84,20020,American Frittata,4.25,https://images.media-allrecipes.com/userphotos/250x250/644405.jpg,128,12,18,7,25,68,12,7,"['potatoes', 'onions', 'vegetable oil', 'eggs beaten', 'cubed ham', 'salt and pepper to taste', 'shredded Cheddar cheese']",https://www.allrecipes.com/recipe/20020/american-frittata/,,,,,,,,,,,,,,,,,,,,,,,,,,,,,,,
85,262071,Beef Stroganoff Sauce with Meatballs,5,https://images.media-allrecipes.com/userphotos/720x405/5035778.jpg,1,22,45,6,54,49,25,7,"['vegetable oil', 'ground sirloin', 'Worcestershire sauce', 'egg', 'dry bread crumbs', 'small onion', 'salt and ground black pepper to taste', 'butter', 'mushrooms sliced', 'all-purpose flour', 'beef broth', 'ground mustard', 'sour cream']",https://www.allrecipes.com/recipe/262071/beef-stroganoff-sauce-with-meatballs/,,,,,,,,,,,,,,,,,,,,,,,,,,,,,,,
86,23187,Marinated Chicken,3.86,https://images.media-allrecipes.com/userphotos/250x250/855647.jpg,5,28,8,25,101,43,120,2,"['soy sauce', 'brown sugar', 'white sugar', 'ground ginger', 'skinless boneless chicken breast halves']",https://www.momontimeout.com/the-best-chicken-marinade-recipe/,,,,,,,,,,,,,,,,,,,,,,,,,,,,,,,
87,143234,Campfire Reubens,4.07,https://images.media-allrecipes.com/userphotos/720x405/808147.jpg,12,39,75,16,75,43,106,20,"['pumpernickel bread', 'Thousand Island dressing', 'deli sliced corned beef', 'sliced Swiss cheese', 'sauerkraut']",https://www.allrecipes.com/recipe/143234/campfire-reubens/,,,,,,,,,,,,,,,,,,,,,,,,,,,,,,,
88,143350,Aunt Ro's Baked Beans,4.83,https://images.media-allrecipes.com/userphotos/250x250/993584.jpg,77,40,27,41,76,23,103,66,"['bacon', 'ground beef', 'chopped onion', 'pinto beans drained and rinsed', 'canned butter beans', 'canned baked beans with pork', 'barbeque sauce', 'ketchup', 'brown sugar packed']",https://www.allrecipes.com/recipe/143350/aunt-ros-baked-beans/,,,,,,,,,,,,,,,,,,,,,,,,,,,,,,,
89,25174,Blue Cheese Potato Salad,4.5,https://images.media-allrecipes.com/userphotos/250x250/264643.jpg,122,24,53,12,17,7,22,17,"['bacon', 'red new potatoes', 'olive oil', 'white vinegar', 'green onions', 'salt', 'ground black pepper', 'blue cheese']",https://www.allrecipes.com/recipe/25174/blue-cheese-potato-salad/,,,,,,,,,,,,,,,,,,,,,,,,,,,,,,,
90,156795,Barbeque Chicken Pasagna,3.91,https://images.media-allrecipes.com/userphotos/250x250/562716.jpg,7,23,42,9,52,34,38,4,"['olive oil', 'skinless boneless chicken breast halves', 'red onion', 'green bell pepper', 'garlic', 'bottle barbeque sauce', 'phyllo dough', 'stick unsalted butter', 'shredded Cheddar cheese', 'Italian seasoning']",https://www.creamette.com/recipes/bbq-chicken-lasagna/,,,,,,,,,,,,,,,,,,,,,,,,,,,,,,,
91,17813,Thai Breaded Chicken Filets,4.44,https://images.media-allrecipes.com/userphotos/250x250/706957.jpg,17,10,4,4,60,23,31,6,"['skinless boneless chicken breast halves', 'green chile peppers', 'green onions', 'grated lime zest', 'limes juiced', 'chopped fresh cilantro', 'fish sauce', 'lemon grass', 'salt', 'white sugar', 'prepared Dijon-style mustard', 'dry bread crumbs', 'grated Parmesan cheese', 'toasted sesame seeds', 'salt and pepper to taste']",http://recipe-finder.com/recipe/12684395722105638417,,,,,,,,,,,,,,,,,,,,,,,,,,,,,,,
92,76164,Thai Ginger Soup,4.46,https://images.media-allrecipes.com/userphotos/720x405/32796.jpg,40,21,60,2,29,10,24,9,"['coconut milk', 'water', 'skinless boneless chicken breast halves', 'minced fresh ginger root', 'fish sauce', 'fresh lime juice', 'sliced green onions', 'chopped fresh cilantro']",https://myfoodstory.com/thai-carrot-ginger-soup-recipe/,,,,,,,,,,,,,,,,,,,,,,,,,,,,,,,
93,14664,Cilantro and Lime Butter,4.4,https://images.media-allrecipes.com/userphotos/250x250/87546.jpg,16,5,18,1,1,10,1,1,"['unsalted butter', 'chopped fresh cilantro', 'lime juice', 'crushed red pepper flakes', 'salt to taste']",https://www.allrecipes.com/recipe/14664/cilantro-and-lime-butter/,,,,,,,,,,,,,,,,,,,,,,,,,,,,,,,
94,217281,Apricot Chicken Provencal,4.33,https://images.media-allrecipes.com/userphotos/720x405/4464940.jpg,11,24,35,10,78,43,29,5,"['chicken drumsticks', 'salt', 'herbes de Provence', 'olive oil', 'garlic cloves', 'herbes de Provence', 'fresh apricots pitted and chopped', 'apricot preserves']",https://www.theorganickitchen.org/roasted-apricot-chicken-with-herbs-de-provence-an-organic-kitchen-favorite/,,,,,,,,,,,,,,,,,,,,,,,,,,,,,,,
95,231105,Poppy Seed Chicken Pasta Salad,4.76,https://images.media-allrecipes.com/userphotos/720x405/1132992.jpg,42,13,19,8,17,7,6,6,"['fusilli (spiral) pasta', 'cubed cooked chicken', 'chopped onion', 'dried cranberries', 'chopped celery', 'slivered almonds', 'poppy seed salad dressing']",https://www.allrecipes.com/recipe/231105/poppy-seed-chicken-pasta-salad/,,,,,,,,,,,,,,,,,,,,,,,,,,,,,,,
96,233030,Skillet Chicken and Apple Stuffing,4,https://images.media-allrecipes.com/userphotos/250x250/1020441.jpg,2,25,40,9,74,34,52,7,"['vegetable', 'boneless skinless chicken breast halves', 'chicken broth', 'bag Birds EyeÂ® Recipe Ready Chopped Celery', 'stuffing mix', 'apple cored and diced', 'shredded Cheddar cheese']",https://www.allrecipes.com/recipe/276431/chicken-and-apple-stuffing-casserole/,,,,,,,,,,,,,,,,,,,,,,,,,,,,,,,
97,14700,Pork Chops and Sauerkraut,4.49,https://images.media-allrecipes.com/userphotos/250x250/122044.jpg,106,12,19,3,49,20,32,15,"['vegetable oil', 'thick pork chops', 'garlic', 'onion', 'sauerkraut', 'caraway seed', 'apple juice', 'salt and pepper to taste']",https://www.allrecipes.com/recipe/216330/german-pork-chops-and-sauerkraut/,,,,,,,,,,,,,,,,,,,,,,,,,,,,,,,
98,172958,No-Noodle Zucchini Lasagna,4.59,https://images.media-allrecipes.com/userphotos/720x405/879369.jpg,331,25,42,7,83,39,88,23,"['large zucchini', 'salt', 'ground beef', 'ground black pepper', 'small green bell pepper', 'onion', 'tomato paste', 'tomato sauce', 'red wine', 'chopped fresh basil', 'chopped fresh oregano', 'hot water as needed', 'egg', 'low-fat ricotta cheese', 'chopped fresh parsley', 'frozen chopped spinach thawed and drained', 'fresh mushrooms sliced', 'shredded mozzarella cheese', 'grated Parmesan cheese']",https://www.allrecipes.com/recipe/172958/no-noodle-zucchini-lasagna/,,,,,,,,,,,,,,,,,,,,,,,,,,,,,,,
99,34513,Somerset Pork with Cream and Apples,4.07,https://images.media-allrecipes.com/userphotos/720x405/4479863.jpg,12,21,36,6,51,40,6,9,"['butter', 'boneless pork loin chops', 'chopped fresh thyme', 'large onion', 'garlic', 'Cox apple cored and cut into thick rings', 'red apple cored and cut into rings', 'white sugar', 'salt and pepper to taste', 'dry hard cider', 'heavy cream']",https://www.allrecipes.com/recipe/34513/somerset-pork-with-cream-and-apples/,,,,,,,,,,,,,,,,,,,,,,,,,,,,,,,
100,256881,Roasted Vegetable Panini Bites,5,https://images.media-allrecipes.com/userphotos/720x405/4462959.jpg,2,16,31,5,38,22,34,8,"['rustic Italian bread', 'BelGioioso Fresh Mozzarella cheese', 'Roasted tomatoes', 'Roasted zucchini', 'Roasted asparagus', 'Roasted mushrooms', 'Fresh basil leaves', 'prosciutto']",https://pantrytotable.com/roasted-vegetable-panini/,,,,,,,,,,,,,,,,,,,,,,,,,,,,,,,
